# Tabla de particiones — firmware BasicPlus ESP32-P4, flash 32 MB (H9).
# App 6 MB | bpenv (env A/B, 32K) | bpdata (zona de datos FS+Packs, ~26 MB).
# sdkconfig: CONFIG_ESPTOOLPY_FLASHSIZE="32MB" + PARTITION_TABLE_CUSTOM_FILENAME.
#
# Name,     Type, SubType,  Offset,    Size,      Flags
nvs,        data, nvs,      0x9000,    0x6000,
phy_init,   data, phy,      0xf000,    0x1000,
factory,    app,  factory,  0x10000,   0x600000,
bpenv,      data, 0x41,     0x610000,  0x8000,
bpdata,     data, 0x40,     0x618000,  0x19E8000,
