# Tabla de particiones — firmware BasicPlus ESP32-P4 (V3, flash 16 MB, H9).
# App 6 MB | bpenv (env A/B, 32K) | bpdata (zona de datos FS+Packs, ~10 MB). El
# firmware busca "bpdata"; el limite FS|Packs vive en el env. 32M: partitions_32m.csv.
#
# Name,     Type, SubType,  Offset,    Size,      Flags
nvs,        data, nvs,      0x9000,    0x6000,
phy_init,   data, phy,      0xf000,    0x1000,
factory,    app,  factory,  0x10000,   0x600000,
bpenv,      data, 0x41,     0x610000,  0x8000,
bpdata,     data, 0x40,     0x618000,  0x9E8000,
